"time","firstOrder.y","der(firstOrder.y)","firstOrder.u","step.y"
0,2,-6.666666666666666,0,0
0.02,1.871009346064803,-6.236697820216009,0,0
0.04,1.750342711512787,-5.834475705042621,0,0
0.06,1.637457239056334,-5.458190796854446,0,0
0.08,1.531853092806857,-5.106176976022857,0,0
0.1,1.433058929189649,-4.77686309729883,0,0
0.12,1.340636508137182,-4.468788360457272,0,0
0.14,1.25417490679721,-4.180583022657366,0,0
0.16,1.173289351148894,-3.910964503829646,0,0
0.18,1.097620301321212,-3.658734337737374,0,0
0.2,1.0268314012031,-3.422771337343668,0,0
0.22,0.9606079029671823,-3.202026343223941,0,0
0.24,0.8986553368695138,-2.995517789565046,0,0
0.26,0.8406980172982762,-2.802326724327587,0,0
0.28,0.7864786733804624,-2.621595577934874,0,0
0.3,0.7357563977013925,-2.452521325671308,0,0
0.32,0.6883054868819821,-2.29435162293994,0,0
0.34,0.6439147329154394,-2.146382443051464,0,0
0.36,0.6023867627790503,-2.007955875930167,0,0
0.38,0.5635370741769138,-1.878456913923046,0,0
0.4,0.5271928906893349,-1.757309635631116,0,0
0.42,0.4931926223822046,-1.643975407940682,0,0
0.44,0.4613851148925178,-1.537950382975059,0,0
0.46,0.4316289826128715,-1.438763275376238,0,0
0.48,0.4037918958288014,-1.345972986096004,0,0
0.5,0.3777501643028977,-1.259167214342992,0,0
0.52,0.3533880375819881,-1.177960125273294,0,0
0.54,0.3305971679613695,-1.101990559871231,0,0
0.5600000000000001,0.3092760890020605,-1.030920296673535,0,0
0.58,0.2893301210924736,-0.9644337369749121,0,0
0.6,0.2706704940728623,-0.9022349802428741,0,0
0.62,0.2532142690136618,-0.8440475633788728,0,0
0.64,0.2368838265567541,-0.7896127551891804,0,0
0.66,0.2216065653889659,-0.738688551296553,0,0
0.68,0.2073145995834693,-0.6910486652782311,0,0
0.7,0.193944340586009,-0.6464811352866966,0,0
0.72,0.181436388852373,-0.6047879628412434,0,0
0.74,0.1697350959598671,-0.5657836531995569,0,0
0.76,0.1587884551639242,-0.529294850546414,0,0
0.78,0.1485477913892462,-0.4951593046308206,0,0
0.8,0.1389675620479931,-0.4632252068266437,0,0
0.82,0.1300051988801265,-0.433350662933755,0,0
0.84,0.1216208264044608,-0.4054027546815359,0,0
0.86,0.1137771933549571,-0.3792573111831903,0,0
0.88,0.1064394099564618,-0.354798033188206,0,0
0.9,0.09957486086925291,-0.3319162028975097,0,0
0.92,0.09315302884537466,-0.3105100961512489,0,0
0.9399999999999999,0.08714534989928042,-0.290484499664268,0,0
0.96,0.08152513123716799,-0.2717504374572266,0,0
0.98,0.0762673658262933,-0.254224552754311,0,0
1,0.07134869251437227,-0.2378289750479076,0,0
1.02,0.06674723310422677,-0.2224907770140892,0,0
1.04,0.0624425327853514,-0.2081417759511713,0,0
1.06,0.05841545763589909,-0.1947181921196636,0,0
1.08,0.05464809357112064,-0.1821603119037354,0,0
1.1,0.05112370247815378,-0.1704123415938459,0,0
1.12,0.04782660339448223,-0.1594220113149407,0,0
1.14,0.04474214580831152,-0.149140486027705,0,0
1.16,0.0418566111437439,-0.139522037145813,0,0
1.18,0.03915717056868104,-0.1305239018956035,0,0
1.2,0.03663182737951485,-0.1221060912650495,0,0
1.22,0.03426934610135181,-0.1142311536711727,0,0
1.24,0.03205923077017849,-0.1068641025672616,0,0
1.26,0.02999164853132409,-0.09997216177108029,0,0
1.28,0.02805741153116994,-0.09352470510389981,0,0
1.3,0.02624791795580649,-0.08749305985268829,0,0
1.32,0.02455512188391037,-0.08185040627970122,0,0
1.34,0.0229715013527426,-0.07657167117580868,0,0
1.36,0.02149000989999152,-0.07163336633330505,0,0
1.38,0.02010406568373345,-0.0670135522791115,0,0
1.4,0.0188075028978324,-0.062691676326108,0,0
1.42,0.01759455944833935,-0.0586485314944645,0,0
1.44,0.01645984186930999,-0.05486613956436664,0,0
1.46,0.01539830409703944,-0.05132768032346478,0,0
1.48,0.01440522935493341,-0.04801743118311135,0,0
1.5,0.01347619892832866,-0.04492066309442887,0,0
1.52,0.01260708525773557,-0.04202361752578523,0,0
1.54,0.01179402452321025,-0.03931341507736751,0,0
1.56,0.0110334114043244,-0.03677803801441466,0,0
1.58,0.01032186766962644,-0.03440622556542145,0,0
1.6,0.00965623154899729,-0.03218743849665763,0,0
1.62,0.009033540243651838,-0.03011180081217279,0,0
1.64,0.008451008532198203,-0.02817002844066067,0,0
1.66,0.007906013127089986,-0.02635337709029995,0,0
1.68,0.00739620146407855,-0.02465400488026183,0,0
1.7,0.006919273776490468,-0.02306424592163489,0,0
1.72,0.006473097113392251,-0.02157699037797417,0,0
1.74,0.006055704184900491,-0.02018568061633497,0,0
1.76,0.005665228478859738,-0.01888409492953246,0,0
1.78,0.005299912352951177,-0.01766637450983726,0,0
1.8,0.004958155120456528,-0.01652718373485509,0,0
1.82,0.00463844549146855,-0.01546148497156183,0,0
1.84,0.004339343572541129,-0.0144644785751371,0,0
1.86,0.004059527344512905,-0.01353175781504302,0,0
1.88,0.003797763314717688,-0.01265921104905896,0,0
1.9,0.00355287220442742,-0.0118429073480914,0,0
1.92,0.003323767664723965,-0.01107922554907988,0,0
1.94,0.003109448534727653,-0.01036482844909217,0,0
1.96,0.002908946074852215,-0.009696486916174049,0,0
1.98,0.002721366558073644,-0.00907122186024548,0,0
2,0.00254589380569614,-0.008486312685653799,0,0
2.02,0.002381733465445599,-0.007939111551485328,0,0
2.04,0.002228150668318716,-0.00742716889439572,0,0
2.06,0.002084480805593978,-0.006948269351979926,0,0
2.08,0.001950073257880449,-0.006500244192934828,0,0
2.1,0.001824325119113942,-0.006081083730379806,0,0
2.12,0.001706692651341289,-0.005688975504470963,0,0
2.14,0.001596644139106527,-0.005322147130355089,0,0
2.16,0.001493685833095539,-0.004978952776985129,0,0
2.18,0.001397371327780625,-0.004657904425935417,0,0
2.2,0.001307267419014065,-0.004357558063380216,0,0
2.22,0.001222969766253478,-0.004076565887511594,0,0
2.24,0.00114411012563861,-0.003813700418795367,0,0
2.26,0.001070337000661326,-0.003567790002204421,0,0
2.28,0.001001318359562233,-0.003337727865207445,0,0
2.3,0.0009367508686354306,-0.003122502895451435,0,0
2.32,0.0008763490074358643,-0.002921163358119548,0,0
2.34,0.0008198402173105304,-0.002732800724368435,0,0
2.36,0.0007669746829346102,-0.002556582276448701,0,0
2.38,0.0007175203138686045,-0.002391734379562015,0,0
2.4,0.000671253619278916,-0.002237512064263053,0,0
2.42,0.0006279690392542833,-0.002093230130847611,0,0
2.44,0.0005874776209392765,-0.001958258736464255,0,0
2.46,0.0005495963382986673,-0.001831987794328891,0,0
2.48,0.0005141562576787671,-0.001713854192262557,0,0
2.5,0.0004810032634033926,-0.001603344211344642,0,0
2.52,0.0004499875469219008,-0.001499958489739669,0,0
2.54,0.0004209703760193561,-0.001403234586731187,0,0
2.56,0.0003938259499078257,-0.001312753166359419,0,0
2.58,0.00036843160857782,-0.001228105361926067,0,0
2.6,0.0003446734369691968,-0.001148911456563989,0,0
2.62,0.0003224487287745013,-0.001074829095915004,0,0
2.64,0.0003016570197839677,-0.001005523399279892,0,0
2.66,0.0002822049663870597,-0.0009406832212901988,0,0
2.68,0.0002640099106077271,-0.0008800330353590903,0,0
2.7,0.0002469909483444739,-0.0008233031611482463,0,0
2.72,0.0002310730027045741,-0.0007702433423485801,0,0
2.74,0.0002161859966314363,-0.0007206199887714542,0,0
2.76,0.0002022641529986687,-0.0006742138433288957,0,0
2.78,0.0001892455405475997,-0.0006308184684919989,0,0
2.8,0.0001770722656388546,-0.0005902408854628486,0,0
2.82,0.0001656891096523206,-0.0005522970321744021,0,0
2.84,0.0001550430941835604,-0.0005168103139452015,0,0
2.86,0.0001450835677166312,-0.0004836118923887705,0,0
2.88,0.0001357615431236995,-0.0004525384770789983,0,0
2.9,0.0001270292513768065,-0.0004234308379226882,0,0
2.92,0.0001188573608479488,-0.000396191202826496,0,0
2.94,0.0001112304927056647,-0.0003707683090188824,0,0
2.96,0.0001040959975854168,-0.0003469866586180558,0,0
2.98,9.742081316137718e-05,-0.0003247360438712572,0,0
3,9.117341355924339e-05,-0.0003039113785308113,0,0
3.02,8.532355850828508e-05,-0.0002844118616942836,0,0
3.04,7.984473883538514e-05,-0.0002661491294512838,0,0
3.06,7.472856886056822e-05,-0.0002490952295352274,0,0
3.08,6.994100779863079e-05,-0.0002331366926621026,0,0
3.1,6.545972888296363e-05,-0.0002181990962765454,0,0
3.12,6.12633215961119e-05,-0.0002042110719870396,0,0
3.14,5.733110384550168e-05,-0.0001911036794850056,0,0
3.16,5.364293413916679e-05,-0.0001788097804638893,0,0
3.18,5.02004036953626e-05,-0.000167334678984542,0,0
3.2,4.698029043903368e-05,-0.0001566009681301123,0,0
3.22,4.396621980943306e-05,-0.0001465540660314435,0,0
3.24,4.114428968785274e-05,-0.0001371476322928425,0,0
3.26,3.850110373763226e-05,-0.0001283370124587742,0,0
3.28,3.602364226691199e-05,-0.0001200788075563733,0,0
3.3,3.370745614870304e-05,-0.0001123581871623435,0,0
3.32,3.154371792713587e-05,-0.0001051457264237862,0,0
3.34,2.951924552880796e-05,-9.839748509602651e-05,0,0
3.36,2.762462577441695e-05,-9.208208591472316e-05,0,0
3.38,2.585070253464262e-05,-8.616900844880872e-05,0,0
3.4,2.418848231484834e-05,-8.062827438282781e-05,0,0
3.42,2.263285730585366e-05,-7.544285768617886e-05,0,0
3.44,2.11822405937823e-05,-7.060746864594099e-05,0,0
3.46,1.982542770843945e-05,-6.60847590281315e-05,0,0
3.48,1.855585437665641e-05,-6.185284792218803e-05,0,0
3.5,1.736707862214669e-05,-5.789026207382229e-05,0,0
3.52,1.625271533724205e-05,-5.417571779080682e-05,0,0
3.54,1.520740949049122e-05,-5.069136496830405e-05,0,0
3.56,1.423461786573709e-05,-4.744872621912362e-05,0,0
3.58,1.332450281386378e-05,-4.441500937954593e-05,0,0
3.6,1.247265656413245e-05,-4.15755218804415e-05,0,0
3.62,1.167479092990854e-05,-3.891596976636181e-05,0,0
3.64,1.09266985156962e-05,-3.642232838565401e-05,0,0
3.66,1.022421392417273e-05,-3.408071308057577e-05,0,0
3.68,9.569099034947426e-06,-3.189699678315808e-05,0,0
3.7,8.956473416659152e-06,-2.985491138886384e-05,0,0
3.72,8.382862924933063e-06,-2.794287641644354e-05,0,0
3.74,7.845596349897188e-06,-2.615198783299063e-05,0,0
3.76,7.342111435375349e-06,-2.447370478458449e-05,0,0
3.78,6.869933051390439e-06,-2.289977683796813e-05,0,0
3.8,6.428150484781807e-06,-2.142716828260602e-05,0,0
3.82,6.015244346091575e-06,-2.005081448697192e-05,0,0
3.84,5.628723055736474e-06,-1.876241018578825e-05,0,0
3.86,5.266885171778223e-06,-1.755628390592741e-05,0,0
3.88,4.928107307584431e-06,-1.642702435861477e-05,0,0
3.9,4.61082892155478e-06,-1.536942973851593e-05,0,0
3.92,4.313882660036435e-06,-1.437960886678811e-05,0,0
3.94,4.036559965177376e-06,-1.345519988392459e-05,0,0
3.96,3.777169159772122e-06,-1.259056386590707e-05,0,0
3.98,3.534517467106816e-06,-1.178172489035605e-05,0,0
4,3.307441584173615e-06,-1.102480528057871e-05,0,0
4.02,3.094795342614097e-06,-1.031598447538032e-05,0,0
4.04,2.895605934399984e-06,-9.652019781333279e-06,0,0
4.06,2.710935752726244e-06,-9.03645250908748e-06,0,0
4.08,2.538891084033328e-06,-8.462970280111093e-06,0,0
4.1,2.378787438209462e-06,-7.929291460698205e-06,0,0
4.12,2.22997974330209e-06,-7.433265811006965e-06,0,0
4.14,2.091855755504464e-06,-6.972852518348214e-06,0,0
4.16,1.963829469142126e-06,-6.546098230473751e-06,0,0
4.18,1.845334526659484e-06,-6.151115088864945e-06,0,0
4.2,1.735817628606303e-06,-5.786058762021008e-06,0,0
4.22,1.634731943624277e-06,-5.44910647874759e-06,0,0
4.24,1.541530518433523e-06,-5.138435061445078e-06,0,0
4.26,1.455659687819152e-06,-4.852198959397172e-06,0,0
4.28,1.376552484617759e-06,-4.588508282059198e-06,0,0
4.3,1.300709696033345e-06,-4.335698986777815e-06,0,0
4.32,1.227564532141787e-06,-4.091881773805956e-06,0,0
4.34,1.158512640545958e-06,-3.861708801819859e-06,0,0
4.36,1.093059213312879e-06,-3.643530711042931e-06,0,0
4.38,1.030735003597917e-06,-3.435783345326391e-06,0,0
4.4,9.710963256447581e-07,-3.236987752149194e-06,0,0
4.42,9.137250547854322e-07,-3.045750182618107e-06,0,0
4.44,8.582286274402919e-07,-2.86076209146764e-06,0,0
4.46,8.042400411180324e-07,-2.680800137060108e-06,0,0
4.48,7.514178544156708e-07,-2.504726181385569e-06,0,0
4.5,6.99446187018567e-07,-2.33148729006189e-06,0,0
4.52,6.480347197004055e-07,-2.160115732334685e-06,0,0
4.54,5.977990643513169e-07,-1.992663547837723e-06,0,0
4.56,5.620518976224216e-07,-1.873506325408072e-06,0,0
4.58,5.288025030368277e-07,-1.762675010122759e-06,0,0
4.6,4.978476261039256e-07,-1.659492087013085e-06,0,0
4.62,4.689840123330994e-07,-1.563280041110331e-06,0,0
4.64,4.420084072337383e-07,-1.473361357445794e-06,0,0
4.66,4.167175563152271e-07,-1.389058521050757e-06,0,0
4.68,3.929082050869551e-07,-1.309694016956517e-06,0,0
4.7,3.703770990583071e-07,-1.234590330194357e-06,0,0
4.72,3.489209837386721e-07,-1.163069945795574e-06,0,0
4.74,3.283366046374352e-07,-1.094455348791451e-06,0,0
4.76,3.084207072639851e-07,-1.028069024213284e-06,0,0
4.78,2.889700371277071e-07,-9.632334570923567e-07,0,0
4.8,2.697830209787809e-07,-8.992767365959363e-07,0,0
4.82,2.513942407145053e-07,-8.379808023816844e-07,0,0
4.84,2.339868774510106e-07,-7.799562581700354e-07,0,0
4.86,2.175609311882952e-07,-7.252031039609839e-07,0,0
4.88,2.021164019263605e-07,-6.737213397545348e-07,0,0
4.9,1.876532896652051e-07,-6.255109655506836e-07,0,0
4.92,1.741715944048304e-07,-5.805719813494346e-07,0,0
4.94,1.616713161452351e-07,-5.389043871507837e-07,0,0
4.96,1.501524548864204e-07,-5.005081829547347e-07,0,0
4.98,1.396150106283852e-07,-4.653833687612841e-07,0,0
5,1.300589833711305e-07,-4.335299445704351e-07,0,0
5.02,0.06449391446710208,3.118353618442993,1,1
5.04,0.1248268737461044,2.917243754179652,1,1
5.06,0.1812688904759531,2.729103698413489,1,1
5.08,0.2340708781467819,2.55309707284406,1,1
5.1,0.2834677696257984,2.388440767914005,1,1
5.12,0.329679311090701,2.23440229636433,1,1
5.14,0.3729104014833821,2.090298661722059,1,1
5.16,0.4133529232095417,1.955490255968194,1,1
5.18,0.4511870947755379,1.829376350748207,1,1
5.2,0.4865815795342163,1.711394734885946,1,1
5.22,0.5196936956509832,1.601021014496723,1,1
5.24,0.5506704930778151,1.497765023073949,1,1
5.26,0.5796497630709549,1.40116745643015,1,1
5.28,0.6067599384316912,1.310800205227696,1,1
5.3,0.6321218194644546,1.226260601785151,1,1
5.32,0.6558479131829038,1.147173622723654,1,1
5.34,0.6780438174312133,1.073187275229289,1,1
5.36,0.6988082603859138,1.003972465380287,1,1
5.38,0.718233342317658,0.9392221922744732,1,1
5.4,0.7364056127348521,0.8786479575504931,1,1
5.42,0.7534055229178647,0.8219815902737844,1,1
5.44,0.7693092042208421,0.7689693192638595,1,1
5.46,0.7841873675624398,0.7193754414585339,1,1
5.48,0.7981060835918868,0.6729797213603771,1,1
5.5,0.8111270927541743,0.6295763574860856,1,1
5.52,0.8233081760374095,0.5889727465419684,1,1
5.54,0.8347035513424337,0.5509881621918877,1,1
5.56,0.8453638987938548,0.5154536706871508,1,1
5.58,0.8553367086630904,0.4822109711230319,1,1
5.6,0.8646664098292408,0.4511119672358639,1,1
5.62,0.8733944521402317,0.4220184928658943,1,1
5.64,0.8815596102675136,0.3948012991082879,1,1
5.66,0.8891982113817322,0.3693392953942261,1,1
5.68,0.8963441587575397,0.3455194708082009,1,1
5.7,0.9030292083665276,0.3232359721115748,1,1
5.72,0.9092831019515325,0.3023896601615583,1,1
5.74,0.9151336489402611,0.2828878368657964,1,1
5.76,0.9206068384555375,0.264643871814875,1,1
5.78,0.9257270230981457,0.2475765896728477,1,1
5.8,0.9305169994181818,0.231610001939394,1,1
5.82,0.934998110165527,0.2166729661149099,1,1
5.84,0.9391902256940747,0.2026992476864175,1,1
5.86,0.9431120351433956,0.1896265495220147,1,1
5.88,0.9467809156220544,0.1773969479264855,1,1
5.9,0.950213196352009,0.1659560121599701,1,1
5.92,0.9534241004249772,0.1552529985834095,1,1
5.94,0.9564279192042293,0.1452402693192356,1,1
5.96,0.9592379950627927,0.1358733497906909,1,1
5.98,0.9618668338499681,0.1271105538334397,1,1
6,0.9643261452629643,0.1189128491234522,1,1
6.02,0.9666268417273254,0.1112438609089154,1,1
6.04,0.9687791906724034,0.1040693644253221,1,1
6.06,0.9707927218428295,0.097357593857235,1,1
6.08,0.9726764094235074,0.09107863525497527,1,1
6.1,0.9744386016855119,0.0852046610482937,1,1
6.12,0.9760871442666996,0.07970951911100124,1,1
6.14,0.9776293508340661,0.07456883055311299,1,1
6.16,0.9790720947083332,0.0697596843055559,1,1
6.18,0.9804217869157457,0.06526071028084779,1,1
6.2,0.9816844333768012,0.06105188874399591,1,1
6.22,0.9828656602569229,0.05711446581025699,1,1
6.24,0.9839707046401007,0.05343098453299758,1,1
6.26,0.9850044931683622,0.04998502277212583,1,1
6.28,0.9859716055326758,0.04676131489108059,1,1
6.3,0.9868763477207666,0.04374550759744466,1,1
6.32,0.9877227324337658,0.0409242252207805,1,1
6.34,0.9885145312632097,0.03828489578930117,1,1
6.36,0.9892552562868747,0.03581581237708427,1,1
6.38,0.9899482121476316,0.03350595950789459,1,1
6.4,0.9905964784719641,0.03134507176011973,1,1
6.42,0.9912029374350773,0.02932354188307581,1,1
6.44,0.9917702905327819,0.02743236489072709,1,1
6.46,0.9923010522709992,0.02566315909666938,1,1
6.48,0.9927975862257417,0.02400804591419447,1,1
6.5,0.9932620940273059,0.02245968657564693,1,1
6.52,0.9936966433092896,0.02101118896903453,1,1
6.54,0.9941031517599701,0.01965616080009965,1,1
6.56,0.994483424763725,0.01838858412091674,1,1
6.58,0.9948391508529968,0.0172028304900107,1,1
6.6,0.9951719149654463,0.01609361678184558,1,1
6.62,0.9954831860385324,0.01505604653822545,1,1
6.64,0.9957743533170763,0.01408548894307896,1,1
6.66,0.9960467340501531,0.01317755316615636,1,1
6.68,0.9963015709671337,0.01232809677622108,1,1
6.7,0.9965399966101045,0.01153334463298498,1,1
6.72,0.996762978330998,0.01079007223000657,1,1
6.74,0.9969715779504547,0.01009474016515114,1,1
6.76,0.997166741615256,0.009444194615813398,1,1
6.78,0.9973493654848306,0.008835448383898159,1,1
6.8,0.997520170579428,0.008266098068573369,1,1
6.82,0.9976799609678823,0.007733463440392495,1,1
6.84,0.9978294661271865,0.007235112909378393,1,1
6.86,0.9979693708278415,0.006768763907194867,1,1
6.88,0.9981002668473188,0.006332443842270718,1,1
6.9,0.998222695444034,0.005924348519886768,1,1
6.92,0.9983372391724737,0.005542536091754183,1,1
6.94,0.9984444168947251,0.005185277017583089,1,1
6.96,0.9985447132736121,0.004850955754626499,1,1
6.98,0.9986385075712615,0.004538308095795029,1,1
7,0.9987262546121227,0.004245817959590928,1,1
7.02,0.9988083511566369,0.003972162811210303,1,1
7.04,0.9988851746073396,0.0037160846422013,1,1
7.06,0.9989570316644704,0.003476561118432123,1,1
7.08,0.9990242393410439,0.00325253552985368,1,1
7.1,0.9990871159427072,0.003042946857642799,1,1
7.12,0.9991459517457677,0.00284682751410766,1,1
7.14,0.9992010062937664,0.00266331235411199,1,1
7.16,0.9992524855023185,0.002491714992271706,1,1
7.18,0.9993006469513925,0.00233117682869155,1,1
7.2,0.9993457116306527,0.002180961231157778,1,1
7.22,0.9993878904103962,0.002040365298679273,1,1
7.24,0.9994273341425777,0.001908886191407758,1,1
7.26,0.9994642334034883,0.001785888655038888,1,1
7.28,0.999498758324702,0.001670805584326566,1,1
7.3,0.9995310671997314,0.001563109334228689,1,1
7.32,0.9995612964380288,0.001462345206570588,1,1
7.34,0.9995895693482326,0.001368102172557931,1,1
7.36,0.9996160212407197,0.001279929197601041,1,1
7.38,0.9996407718407162,0.001197427197612658,1,1
7.4,0.9996639332891538,0.001120222369487278,1,1
7.42,0.999685592957327,0.001048023475576828,1,1
7.44,0.9997058559851337,0.0009804800495542367,1,1
7.46,0.999724814080323,0.0009172863989233744,1,1
7.48,0.9997425545121671,0.0008581516261096932,1,1
7.5,0.999759148309926,0.000802838966913466,1,1
7.52,0.9997746682216405,0.0007511059278649441,1,1
7.54,0.9997891880223848,0.000702706592050628,1,1
7.56,0.9998027747452304,0.0006574175158987245,1,1
7.58,0.9998154885745131,0.0006150380849564059,1,1
7.6,0.999827376802542,0.0005754106581934426,1,1
7.62,0.9998384989229061,0.0005383369236463171,1,1
7.64,0.9998489058732074,0.000503647089308649,1,1
7.66,0.9998586462080586,0.0004711793064711885,1,1
7.68,0.9998677553646975,0.0004408154510082695,1,1
7.7,0.9998762768117873,0.0004124106273758106,1,1
7.72,0.9998842498709638,0.0003858337634539873,1,1
7.74,0.9998917110163088,0.0003609632789706533,1,1
7.76,0.9998986919197028,0.0003376936009905999,1,1
7.78,0.9999052210109868,0.0003159299633774074,1,1
7.8,0.9999113295026315,0.0002955683245616421,1,1
7.82,0.9999170450528481,0.0002765164905064547,1,1
7.84,0.9999223936361695,0.0002586878794349119,1,1
7.86,0.9999273953112625,0.0002420156291249586,1,1
7.88,0.999932074436039,0.0002264185465365257,1,1
7.9,0.9999364522186918,0.0002118259376941249,1,1
7.92,0.9999405488516591,0.0001981704944697959,1,1
7.94,0.9999443793805856,0.0001854020647148087,1,1
7.96,0.9999479595494576,0.0001734681684747071,1,1
7.98,0.9999513059799106,0.000162313400298153,1,1
8,0.9999544330539721,0.0001518898200928801,1,1
8.02,0.999957354267087,0.0001421524430433863,1,1
8.039999999999999,0.9999600823335819,0.0001330588880602927,1,1
8.06,0.9999626292921309,0.000124569026230444,1,1
8.08,0.9999650066112208,0.0001166446292640474,1,1
8.1,0.9999672252946167,0.0001092490179444017,1,1
8.119999999999999,0.9999692950372593,0.0001023498758023766,1,1
8.140000000000001,0.9999712264384817,9.591187172771261e-05,1,1
8.16,0.9999730296448559,8.990118381365282e-05,1,1
8.18,0.9999747146287594,8.428457080193277e-05,1,1
8.199999999999999,0.9999762913910065,7.902869664492643e-05,1,1
8.220000000000001,0.99997777006407,7.409978643346804e-05,1,1
8.24,0.9999791610152969,6.946328234354777e-05,1,1
8.26,0.9999804749501294,6.508349956857451e-05,1,1
8.279999999999999,0.9999817196061669,6.093464611038139e-05,1,1
8.300000000000001,0.9999828515440865,5.716151971165336e-05,1,1
8.32,0.9999839104260629,5.363191312353817e-05,1,1
8.34,0.9999849014859057,5.032838031437947e-05,1,1
8.359999999999999,0.9999858297465354,4.723417821539399e-05,1,1
8.380000000000001,0.999986700060707,4.433313097666295e-05,1,1
8.4,0.9999875171517341,4.160949421979272e-05,1,1
8.42,0.9999882856542139,3.904781928687483e-05,1,1
8.44,0.9999890101547507,3.663281749758755e-05,1,1
8.460000000000001,0.9999896946492732,3.435116908923064e-05,1,1
8.48,0.9999903398495739,3.220050142046145e-05,1,1
8.5,0.9999909486569508,3.017114349727438e-05,1,1
8.52,0.9999915231572739,2.825614242030205e-05,1,1
8.539999999999999,0.9999920650593639,2.644980212037258e-05,1,1
8.56,0.9999925756949933,2.474768335554896e-05,1,1
8.58,0.9999930560188864,2.31466037118692e-05,1,1
8.6,0.9999935066087183,2.164463760556678e-05,1,1
8.619999999999999,0.9999939276651164,2.024111627862979e-05,1,1
8.640000000000001,0.9999943276128513,1.890795716219529e-05,1,1
8.66,0.9999947133155516,1.762228149478536e-05,1,1
8.68,0.9999950769946833,1.641001772245687e-05,1,1
8.699999999999999,0.9999954188628551,1.52704571495151e-05,1,1
8.720000000000001,0.9999957388558501,1.420381383288038e-05,1,1
8.74,0.999996036632626,1.321122457986767e-05,1,1
8.76,0.999996311575316,1.229474894670623e-05,1,1
8.779999999999999,0.9999965627892278,1.145736924076009e-05,1,1
8.800000000000001,0.9999967891028434,1.070299052200833e-05,1,1
8.82,0.9999970097590792,9.967469735879437e-06,1,1
8.84,0.9999972244233042,9.251922319375439e-06,1,1
8.859999999999999,0.9999974244039195,8.585320268409783e-06,1,1
8.880000000000001,0.999997609928071,7.966906430123544e-06,1,1
8.9,0.9999977811092167,7.396302611114199e-06,1,1
8.92,0.9999979379471263,6.873509578915933e-06,1,1
8.94,0.9999980803278815,6.398907061629562e-06,1,1
8.960000000000001,0.9999982080238758,5.973253747182382e-06,1,1
8.98,0.9999983206938146,5.597687284808472e-06,1,1
9,0.9999984316196695,5.227934434988886e-06,1,1
9.02,0.9999985357457783,4.880847405501024e-06,1,1
9.039999999999999,0.9999986317792964,4.560735678745449e-06,1,1
9.06,0.9999987204657094,4.265114302108112e-06,1,1
9.08,0.999998802550503,3.991498323345036e-06,1,1
9.1,0.9999988787791635,3.737402788361876e-06,1,1
9.119999999999999,0.9999989498971763,3.500342745654805e-06,1,1
9.140000000000001,0.9999990166500276,3.27783324149955e-06,1,1
9.16,0.9999990794653336,3.068448887940296e-06,1,1
9.18,0.9999991296734992,2.901088335856746e-06,1,1
9.199999999999999,0.9999991745376274,2.751541241889181e-06,1,1
9.220000000000001,0.9999992144765811,2.618411396223171e-06,1,1
9.24,0.999999249909223,2.500302590154509e-06,1,1
9.26,0.9999992812544161,2.395818613128616e-06,1,1
9.279999999999999,0.9999993089310231,2.303563256441284e-06,1,1
9.300000000000001,0.999999333357907,2.222140309908009e-06,1,1
9.32,0.9999993549539309,2.150153563714359e-06,1,1
9.34,0.9999993741379575,2.08620680841598e-06,1,1
9.359999999999999,0.9999993913288495,2.028903834938589e-06,1,1
9.380000000000001,0.9999994069454701,1.976848433097681e-06,1,1
9.4,0.9999994214066819,1.928644393818975e-06,1,1
9.42,0.999999435131348,1.882895506547892e-06,1,1
9.44,0.9999994485383313,1.838205562210149e-06,1,1
9.460000000000001,0.9999994620464947,1.793178350991316e-06,1,1
9.48,0.9999994760747009,1.746417663817112e-06,1,1
9.5,0.9999994910418127,1.696527290873106e-06,1,1
9.52,0.9999995088893129,1.637035623724969e-06,1,1
9.539999999999999,0.9999995289742845,1.570085718475648e-06,1,1
9.56,0.9999995486566153,1.504477948888194e-06,1,1
9.58,0.9999995679363055,1.440212314962608e-06,1,1
9.6,0.9999995868133552,1.37728881595874e-06,1,1
9.619999999999999,0.9999996052877642,1.31570745261674e-06,1,1
9.640000000000001,0.9999996233595326,1.255468224566532e-06,1,1
9.66,0.9999996410286605,1.196571131808118e-06,1,1
9.68,0.9999996582951477,1.139016174341497e-06,1,1
9.699999999999999,0.9999996751589942,1.082803352536743e-06,1,1
9.720000000000001,0.9999996916202003,1.027932665653708e-06,1,1
9.74,0.9999997076787657,9.744041144325402e-07,1,1
9.76,0.9999997233346903,9.222176988732399e-07,1,1
9.779999999999999,0.9999997385879745,8.713734182356584e-07,1,1
9.800000000000001,0.999999753438618,8.218712732599441e-07,1,1
9.82,0.9999997678866209,7.73711263576023e-07,1,1
9.84,0.9999997819319832,7.26893389183895e-07,1,1
9.859999999999999,0.9999997955747049,6.814176504536343e-07,1,1
9.880000000000001,0.9999998013739737,6.620867543105645e-07,1,1
9.9,0.9999998053933804,6.486887319893478e-07,1,1
9.92,0.9999998094127871,6.352907096681311e-07,1,1
9.94,0.9999998134321939,6.2189268697684e-07,1,1
9.960000000000001,0.9999998174516006,6.084946646556232e-07,1,1
9.98,0.9999998214710073,5.950966423344065e-07,1,1
10,0.999999825490414,5.816986200131897e-07,1,1
